user_id,display_name,endpoint,password,real_e164
user-u0001,Load User 0001,u0001,u0001-strong-password,+8613900100000
user-u0002,Load User 0002,u0002,u0002-strong-password,+8613900100001
user-u0003,Load User 0003,u0003,u0003-strong-password,+8613900100002
user-u0004,Load User 0004,u0004,u0004-strong-password,+8613900100003
user-u0005,Load User 0005,u0005,u0005-strong-password,+8613900100004
user-u0006,Load User 0006,u0006,u0006-strong-password,+8613900100005
user-u0007,Load User 0007,u0007,u0007-strong-password,+8613900100006
user-u0008,Load User 0008,u0008,u0008-strong-password,+8613900100007
user-u0009,Load User 0009,u0009,u0009-strong-password,+8613900100008
user-u0010,Load User 0010,u0010,u0010-strong-password,+8613900100009
user-u0011,Load User 0011,u0011,u0011-strong-password,+8613900100010
user-u0012,Load User 0012,u0012,u0012-strong-password,+8613900100011
user-u0013,Load User 0013,u0013,u0013-strong-password,+8613900100012
user-u0014,Load User 0014,u0014,u0014-strong-password,+8613900100013
user-u0015,Load User 0015,u0015,u0015-strong-password,+8613900100014
user-u0016,Load User 0016,u0016,u0016-strong-password,+8613900100015
user-u0017,Load User 0017,u0017,u0017-strong-password,+8613900100016
user-u0018,Load User 0018,u0018,u0018-strong-password,+8613900100017
user-u0019,Load User 0019,u0019,u0019-strong-password,+8613900100018
user-u0020,Load User 0020,u0020,u0020-strong-password,+8613900100019
user-u0021,Load User 0021,u0021,u0021-strong-password,+8613900100020
user-u0022,Load User 0022,u0022,u0022-strong-password,+8613900100021
user-u0023,Load User 0023,u0023,u0023-strong-password,+8613900100022
user-u0024,Load User 0024,u0024,u0024-strong-password,+8613900100023
user-u0025,Load User 0025,u0025,u0025-strong-password,+8613900100024
user-u0026,Load User 0026,u0026,u0026-strong-password,+8613900100025
user-u0027,Load User 0027,u0027,u0027-strong-password,+8613900100026
user-u0028,Load User 0028,u0028,u0028-strong-password,+8613900100027
user-u0029,Load User 0029,u0029,u0029-strong-password,+8613900100028
user-u0030,Load User 0030,u0030,u0030-strong-password,+8613900100029
user-u0031,Load User 0031,u0031,u0031-strong-password,+8613900100030
user-u0032,Load User 0032,u0032,u0032-strong-password,+8613900100031
user-u0033,Load User 0033,u0033,u0033-strong-password,+8613900100032
user-u0034,Load User 0034,u0034,u0034-strong-password,+8613900100033
user-u0035,Load User 0035,u0035,u0035-strong-password,+8613900100034
user-u0036,Load User 0036,u0036,u0036-strong-password,+8613900100035
user-u0037,Load User 0037,u0037,u0037-strong-password,+8613900100036
user-u0038,Load User 0038,u0038,u0038-strong-password,+8613900100037
user-u0039,Load User 0039,u0039,u0039-strong-password,+8613900100038
user-u0040,Load User 0040,u0040,u0040-strong-password,+8613900100039
user-u0041,Load User 0041,u0041,u0041-strong-password,+8613900100040
user-u0042,Load User 0042,u0042,u0042-strong-password,+8613900100041
user-u0043,Load User 0043,u0043,u0043-strong-password,+8613900100042
user-u0044,Load User 0044,u0044,u0044-strong-password,+8613900100043
user-u0045,Load User 0045,u0045,u0045-strong-password,+8613900100044
user-u0046,Load User 0046,u0046,u0046-strong-password,+8613900100045
user-u0047,Load User 0047,u0047,u0047-strong-password,+8613900100046
user-u0048,Load User 0048,u0048,u0048-strong-password,+8613900100047
user-u0049,Load User 0049,u0049,u0049-strong-password,+8613900100048
user-u0050,Load User 0050,u0050,u0050-strong-password,+8613900100049
user-u0051,Load User 0051,u0051,u0051-strong-password,+8613900100050
user-u0052,Load User 0052,u0052,u0052-strong-password,+8613900100051
user-u0053,Load User 0053,u0053,u0053-strong-password,+8613900100052
user-u0054,Load User 0054,u0054,u0054-strong-password,+8613900100053
user-u0055,Load User 0055,u0055,u0055-strong-password,+8613900100054
user-u0056,Load User 0056,u0056,u0056-strong-password,+8613900100055
user-u0057,Load User 0057,u0057,u0057-strong-password,+8613900100056
user-u0058,Load User 0058,u0058,u0058-strong-password,+8613900100057
user-u0059,Load User 0059,u0059,u0059-strong-password,+8613900100058
user-u0060,Load User 0060,u0060,u0060-strong-password,+8613900100059
user-u0061,Load User 0061,u0061,u0061-strong-password,+8613900100060
user-u0062,Load User 0062,u0062,u0062-strong-password,+8613900100061
user-u0063,Load User 0063,u0063,u0063-strong-password,+8613900100062
user-u0064,Load User 0064,u0064,u0064-strong-password,+8613900100063
user-u0065,Load User 0065,u0065,u0065-strong-password,+8613900100064
user-u0066,Load User 0066,u0066,u0066-strong-password,+8613900100065
user-u0067,Load User 0067,u0067,u0067-strong-password,+8613900100066
user-u0068,Load User 0068,u0068,u0068-strong-password,+8613900100067
user-u0069,Load User 0069,u0069,u0069-strong-password,+8613900100068
user-u0070,Load User 0070,u0070,u0070-strong-password,+8613900100069
user-u0071,Load User 0071,u0071,u0071-strong-password,+8613900100070
user-u0072,Load User 0072,u0072,u0072-strong-password,+8613900100071
user-u0073,Load User 0073,u0073,u0073-strong-password,+8613900100072
user-u0074,Load User 0074,u0074,u0074-strong-password,+8613900100073
user-u0075,Load User 0075,u0075,u0075-strong-password,+8613900100074
user-u0076,Load User 0076,u0076,u0076-strong-password,+8613900100075
user-u0077,Load User 0077,u0077,u0077-strong-password,+8613900100076
user-u0078,Load User 0078,u0078,u0078-strong-password,+8613900100077
user-u0079,Load User 0079,u0079,u0079-strong-password,+8613900100078
user-u0080,Load User 0080,u0080,u0080-strong-password,+8613900100079
user-u0081,Load User 0081,u0081,u0081-strong-password,+8613900100080
user-u0082,Load User 0082,u0082,u0082-strong-password,+8613900100081
user-u0083,Load User 0083,u0083,u0083-strong-password,+8613900100082
user-u0084,Load User 0084,u0084,u0084-strong-password,+8613900100083
user-u0085,Load User 0085,u0085,u0085-strong-password,+8613900100084
user-u0086,Load User 0086,u0086,u0086-strong-password,+8613900100085
user-u0087,Load User 0087,u0087,u0087-strong-password,+8613900100086
user-u0088,Load User 0088,u0088,u0088-strong-password,+8613900100087
user-u0089,Load User 0089,u0089,u0089-strong-password,+8613900100088
user-u0090,Load User 0090,u0090,u0090-strong-password,+8613900100089
user-u0091,Load User 0091,u0091,u0091-strong-password,+8613900100090
user-u0092,Load User 0092,u0092,u0092-strong-password,+8613900100091
user-u0093,Load User 0093,u0093,u0093-strong-password,+8613900100092
user-u0094,Load User 0094,u0094,u0094-strong-password,+8613900100093
user-u0095,Load User 0095,u0095,u0095-strong-password,+8613900100094
user-u0096,Load User 0096,u0096,u0096-strong-password,+8613900100095
user-u0097,Load User 0097,u0097,u0097-strong-password,+8613900100096
user-u0098,Load User 0098,u0098,u0098-strong-password,+8613900100097
user-u0099,Load User 0099,u0099,u0099-strong-password,+8613900100098
user-u0100,Load User 0100,u0100,u0100-strong-password,+8613900100099
